Statistic Label,Year,Seat Belt Usage,UNIT,VALUE
Users of Cars Killed in Collisions,2005,Car drivers: seat belt in use,Number,55
Users of Cars Killed in Collisions,2005,Car drivers: seat belt not in use,Number,38
Users of Cars Killed in Collisions,2005,Car drivers: seat belt usage unknown,Number,37
Users of Cars Killed in Collisions,2005,Car drivers: seat belt usage not stated,Number,14
Users of Cars Killed in Collisions,2005,All car drivers,Number,144
Users of Cars Killed in Collisions,2005,Front seat passengers: seat belt in use,Number,15
Users of Cars Killed in Collisions,2005,Front seat passengers: seat belt not in use,Number,5
Users of Cars Killed in Collisions,2005,Front seat passengers: seat belt usage unknown,Number,13
Users of Cars Killed in Collisions,2005,Front seat passengers: seat belt usage not stated,Number,17
Users of Cars Killed in Collisions,2005,All front seat passengers,Number,50
Users of Cars Killed in Collisions,2006,Car drivers: seat belt in use,Number,49
Users of Cars Killed in Collisions,2006,Car drivers: seat belt not in use,Number,37
Users of Cars Killed in Collisions,2006,Car drivers: seat belt usage unknown,Number,44
Users of Cars Killed in Collisions,2006,Car drivers: seat belt usage not stated,Number,17
Users of Cars Killed in Collisions,2006,All car drivers,Number,147
Users of Cars Killed in Collisions,2006,Front seat passengers: seat belt in use,Number,16
Users of Cars Killed in Collisions,2006,Front seat passengers: seat belt not in use,Number,4
Users of Cars Killed in Collisions,2006,Front seat passengers: seat belt usage unknown,Number,21
Users of Cars Killed in Collisions,2006,Front seat passengers: seat belt usage not stated,Number,5
Users of Cars Killed in Collisions,2006,All front seat passengers,Number,46
Users of Cars Killed in Collisions,2007,Car drivers: seat belt in use,Number,42
Users of Cars Killed in Collisions,2007,Car drivers: seat belt not in use,Number,14
Users of Cars Killed in Collisions,2007,Car drivers: seat belt usage unknown,Number,32
Users of Cars Killed in Collisions,2007,Car drivers: seat belt usage not stated,Number,22
Users of Cars Killed in Collisions,2007,All car drivers,Number,110
Users of Cars Killed in Collisions,2007,Front seat passengers: seat belt in use,Number,17
Users of Cars Killed in Collisions,2007,Front seat passengers: seat belt not in use,Number,6
Users of Cars Killed in Collisions,2007,Front seat passengers: seat belt usage unknown,Number,11
Users of Cars Killed in Collisions,2007,Front seat passengers: seat belt usage not stated,Number,3
Users of Cars Killed in Collisions,2007,All front seat passengers,Number,37
Users of Cars Killed in Collisions,2008,Car drivers: seat belt in use,Number,44
Users of Cars Killed in Collisions,2008,Car drivers: seat belt not in use,Number,12
Users of Cars Killed in Collisions,2008,Car drivers: seat belt usage unknown,Number,43
Users of Cars Killed in Collisions,2008,Car drivers: seat belt usage not stated,Number,10
Users of Cars Killed in Collisions,2008,All car drivers,Number,109
Users of Cars Killed in Collisions,2008,Front seat passengers: seat belt in use,Number,17
Users of Cars Killed in Collisions,2008,Front seat passengers: seat belt not in use,Number,3
Users of Cars Killed in Collisions,2008,Front seat passengers: seat belt usage unknown,Number,13
Users of Cars Killed in Collisions,2008,Front seat passengers: seat belt usage not stated,Number,0
Users of Cars Killed in Collisions,2008,All front seat passengers,Number,33
Users of Cars Killed in Collisions,2009,Car drivers: seat belt in use,Number,41
Users of Cars Killed in Collisions,2009,Car drivers: seat belt not in use,Number,21
Users of Cars Killed in Collisions,2009,Car drivers: seat belt usage unknown,Number,44
Users of Cars Killed in Collisions,2009,Car drivers: seat belt usage not stated,Number,1
Users of Cars Killed in Collisions,2009,All car drivers,Number,107
Users of Cars Killed in Collisions,2009,Front seat passengers: seat belt in use,Number,8
Users of Cars Killed in Collisions,2009,Front seat passengers: seat belt not in use,Number,2
Users of Cars Killed in Collisions,2009,Front seat passengers: seat belt usage unknown,Number,11
Users of Cars Killed in Collisions,2009,Front seat passengers: seat belt usage not stated,Number,0
Users of Cars Killed in Collisions,2009,All front seat passengers,Number,21
Users of Cars Killed in Collisions,2010,Car drivers: seat belt in use,Number,39
Users of Cars Killed in Collisions,2010,Car drivers: seat belt not in use,Number,13
Users of Cars Killed in Collisions,2010,Car drivers: seat belt usage unknown,Number,26
Users of Cars Killed in Collisions,2010,Car drivers: seat belt usage not stated,Number,2
Users of Cars Killed in Collisions,2010,All car drivers,Number,80
Users of Cars Killed in Collisions,2010,Front seat passengers: seat belt in use,Number,9
Users of Cars Killed in Collisions,2010,Front seat passengers: seat belt not in use,Number,9
Users of Cars Killed in Collisions,2010,Front seat passengers: seat belt usage unknown,Number,3
Users of Cars Killed in Collisions,2010,Front seat passengers: seat belt usage not stated,Number,1
Users of Cars Killed in Collisions,2010,All front seat passengers,Number,22
Users of Cars Killed in Collisions,2011,Car drivers: seat belt in use,Number,35
Users of Cars Killed in Collisions,2011,Car drivers: seat belt not in use,Number,12
Users of Cars Killed in Collisions,2011,Car drivers: seat belt usage unknown,Number,14
Users of Cars Killed in Collisions,2011,Car drivers: seat belt usage not stated,Number,4
Users of Cars Killed in Collisions,2011,All car drivers,Number,65
Users of Cars Killed in Collisions,2011,Front seat passengers: seat belt in use,Number,11
Users of Cars Killed in Collisions,2011,Front seat passengers: seat belt not in use,Number,1
Users of Cars Killed in Collisions,2011,Front seat passengers: seat belt usage unknown,Number,6
Users of Cars Killed in Collisions,2011,Front seat passengers: seat belt usage not stated,Number,1
Users of Cars Killed in Collisions,2011,All front seat passengers,Number,19
Users of Cars Killed in Collisions,2012,Car drivers: seat belt in use,Number,22
Users of Cars Killed in Collisions,2012,Car drivers: seat belt not in use,Number,14
Users of Cars Killed in Collisions,2012,Car drivers: seat belt usage unknown,Number,24
Users of Cars Killed in Collisions,2012,Car drivers: seat belt usage not stated,Number,4
Users of Cars Killed in Collisions,2012,All car drivers,Number,64
Users of Cars Killed in Collisions,2012,Front seat passengers: seat belt in use,Number,4
Users of Cars Killed in Collisions,2012,Front seat passengers: seat belt not in use,Number,0
Users of Cars Killed in Collisions,2012,Front seat passengers: seat belt usage unknown,Number,9
Users of Cars Killed in Collisions,2012,Front seat passengers: seat belt usage not stated,Number,2
Users of Cars Killed in Collisions,2012,All front seat passengers,Number,15
Users of Cars Killed in Collisions,2013,Car drivers: seat belt in use,Number,27
Users of Cars Killed in Collisions,2013,Car drivers: seat belt not in use,Number,13
Users of Cars Killed in Collisions,2013,Car drivers: seat belt usage unknown,Number,35
Users of Cars Killed in Collisions,2013,Car drivers: seat belt usage not stated,Number,4
Users of Cars Killed in Collisions,2013,All car drivers,Number,79
Users of Cars Killed in Collisions,2013,Front seat passengers: seat belt in use,Number,5
Users of Cars Killed in Collisions,2013,Front seat passengers: seat belt not in use,Number,2
Users of Cars Killed in Collisions,2013,Front seat passengers: seat belt usage unknown,Number,11
Users of Cars Killed in Collisions,2013,Front seat passengers: seat belt usage not stated,Number,0
Users of Cars Killed in Collisions,2013,All front seat passengers,Number,18
Users of Cars Killed in Collisions,2014,Car drivers: seat belt in use,Number,34
Users of Cars Killed in Collisions,2014,Car drivers: seat belt not in use,Number,18
Users of Cars Killed in Collisions,2014,Car drivers: seat belt usage unknown,Number,15
Users of Cars Killed in Collisions,2014,Car drivers: seat belt usage not stated,Number,0
Users of Cars Killed in Collisions,2014,All car drivers,Number,67
Users of Cars Killed in Collisions,2014,Front seat passengers: seat belt in use,Number,9
Users of Cars Killed in Collisions,2014,Front seat passengers: seat belt not in use,Number,10
Users of Cars Killed in Collisions,2014,Front seat passengers: seat belt usage unknown,Number,5
Users of Cars Killed in Collisions,2014,Front seat passengers: seat belt usage not stated,Number,0
Users of Cars Killed in Collisions,2014,All front seat passengers,Number,24
Users of Cars Killed in Collisions,2015,Car drivers: seat belt in use,Number,33
Users of Cars Killed in Collisions,2015,Car drivers: seat belt not in use,Number,18
Users of Cars Killed in Collisions,2015,Car drivers: seat belt usage unknown,Number,12
Users of Cars Killed in Collisions,2015,Car drivers: seat belt usage not stated,Number,0
Users of Cars Killed in Collisions,2015,All car drivers,Number,63
Users of Cars Killed in Collisions,2015,Front seat passengers: seat belt in use,Number,6
Users of Cars Killed in Collisions,2015,Front seat passengers: seat belt not in use,Number,5
Users of Cars Killed in Collisions,2015,Front seat passengers: seat belt usage unknown,Number,4
Users of Cars Killed in Collisions,2015,Front seat passengers: seat belt usage not stated,Number,0
Users of Cars Killed in Collisions,2015,All front seat passengers,Number,15
Users of Cars Killed in Collisions,2016,Car drivers: seat belt in use,Number,42
Users of Cars Killed in Collisions,2016,Car drivers: seat belt not in use,Number,18
Users of Cars Killed in Collisions,2016,Car drivers: seat belt usage unknown,Number,15
Users of Cars Killed in Collisions,2016,Car drivers: seat belt usage not stated,Number,0
Users of Cars Killed in Collisions,2016,All car drivers,Number,75
Users of Cars Killed in Collisions,2016,Front seat passengers: seat belt in use,Number,10
Users of Cars Killed in Collisions,2016,Front seat passengers: seat belt not in use,Number,8
Users of Cars Killed in Collisions,2016,Front seat passengers: seat belt usage unknown,Number,6
Users of Cars Killed in Collisions,2016,Front seat passengers: seat belt usage not stated,Number,0
Users of Cars Killed in Collisions,2016,All front seat passengers,Number,24
Users of Cars Killed in Collisions,2017,Car drivers: seat belt in use,Number,28
Users of Cars Killed in Collisions,2017,Car drivers: seat belt not in use,Number,15
Users of Cars Killed in Collisions,2017,Car drivers: seat belt usage unknown,Number,11
Users of Cars Killed in Collisions,2017,Car drivers: seat belt usage not stated,Number,0
Users of Cars Killed in Collisions,2017,All car drivers,Number,54
Users of Cars Killed in Collisions,2017,Front seat passengers: seat belt in use,Number,8
Users of Cars Killed in Collisions,2017,Front seat passengers: seat belt not in use,Number,0
Users of Cars Killed in Collisions,2017,Front seat passengers: seat belt usage unknown,Number,3
Users of Cars Killed in Collisions,2017,Front seat passengers: seat belt usage not stated,Number,0
Users of Cars Killed in Collisions,2017,All front seat passengers,Number,11
Users of Cars Killed in Collisions,2018,Car drivers: seat belt in use,Number,22
Users of Cars Killed in Collisions,2018,Car drivers: seat belt not in use,Number,18
Users of Cars Killed in Collisions,2018,Car drivers: seat belt usage unknown,Number,5
Users of Cars Killed in Collisions,2018,Car drivers: seat belt usage not stated,Number,0
Users of Cars Killed in Collisions,2018,All car drivers,Number,45
Users of Cars Killed in Collisions,2018,Front seat passengers: seat belt in use,Number,6
Users of Cars Killed in Collisions,2018,Front seat passengers: seat belt not in use,Number,4
Users of Cars Killed in Collisions,2018,Front seat passengers: seat belt usage unknown,Number,6
Users of Cars Killed in Collisions,2018,Front seat passengers: seat belt usage not stated,Number,0
Users of Cars Killed in Collisions,2018,All front seat passengers,Number,16
Users of Cars Killed in Collisions,2019,Car drivers: seat belt in use,Number,41
Users of Cars Killed in Collisions,2019,Car drivers: seat belt not in use,Number,21
Users of Cars Killed in Collisions,2019,Car drivers: seat belt usage unknown,Number,4
Users of Cars Killed in Collisions,2019,Car drivers: seat belt usage not stated,Number,0
Users of Cars Killed in Collisions,2019,All car drivers,Number,66
Users of Cars Killed in Collisions,2019,Front seat passengers: seat belt in use,Number,9
Users of Cars Killed in Collisions,2019,Front seat passengers: seat belt not in use,Number,2
Users of Cars Killed in Collisions,2019,Front seat passengers: seat belt usage unknown,Number,4
Users of Cars Killed in Collisions,2019,Front seat passengers: seat belt usage not stated,Number,0
Users of Cars Killed in Collisions,2019,All front seat passengers,Number,15
Users of Cars Killed in Collisions,2020,Car drivers: seat belt in use,Number,30
Users of Cars Killed in Collisions,2020,Car drivers: seat belt not in use,Number,10
Users of Cars Killed in Collisions,2020,Car drivers: seat belt usage unknown,Number,6
Users of Cars Killed in Collisions,2020,Car drivers: seat belt usage not stated,Number,0
Users of Cars Killed in Collisions,2020,All car drivers,Number,46
Users of Cars Killed in Collisions,2020,Front seat passengers: seat belt in use,Number,12
Users of Cars Killed in Collisions,2020,Front seat passengers: seat belt not in use,Number,6
Users of Cars Killed in Collisions,2020,Front seat passengers: seat belt usage unknown,Number,4
Users of Cars Killed in Collisions,2020,Front seat passengers: seat belt usage not stated,Number,0
Users of Cars Killed in Collisions,2020,All front seat passengers,Number,22
Users of Cars Killed in Collisions,2021,Car drivers: seat belt in use,Number,36
Users of Cars Killed in Collisions,2021,Car drivers: seat belt not in use,Number,16
Users of Cars Killed in Collisions,2021,Car drivers: seat belt usage unknown,Number,13
Users of Cars Killed in Collisions,2021,Car drivers: seat belt usage not stated,Number,0
Users of Cars Killed in Collisions,2021,All car drivers,Number,65
Users of Cars Killed in Collisions,2021,Front seat passengers: seat belt in use,Number,4
Users of Cars Killed in Collisions,2021,Front seat passengers: seat belt not in use,Number,6
Users of Cars Killed in Collisions,2021,Front seat passengers: seat belt usage unknown,Number,7
Users of Cars Killed in Collisions,2021,Front seat passengers: seat belt usage not stated,Number,0
Users of Cars Killed in Collisions,2021,All front seat passengers,Number,17
Users of Cars Killed in Collisions,2022,Car drivers: seat belt in use,Number,29
Users of Cars Killed in Collisions,2022,Car drivers: seat belt not in use,Number,10
Users of Cars Killed in Collisions,2022,Car drivers: seat belt usage unknown,Number,10
Users of Cars Killed in Collisions,2022,Car drivers: seat belt usage not stated,Number,0
Users of Cars Killed in Collisions,2022,All car drivers,Number,49
Users of Cars Killed in Collisions,2022,Front seat passengers: seat belt in use,Number,13
Users of Cars Killed in Collisions,2022,Front seat passengers: seat belt not in use,Number,2
Users of Cars Killed in Collisions,2022,Front seat passengers: seat belt usage unknown,Number,7
Users of Cars Killed in Collisions,2022,Front seat passengers: seat belt usage not stated,Number,0
Users of Cars Killed in Collisions,2022,All front seat passengers,Number,22
Users of Cars Killed in Collisions,2023,Car drivers: seat belt in use,Number,25
Users of Cars Killed in Collisions,2023,Car drivers: seat belt not in use,Number,6
Users of Cars Killed in Collisions,2023,Car drivers: seat belt usage unknown,Number,22
Users of Cars Killed in Collisions,2023,Car drivers: seat belt usage not stated,Number,0
Users of Cars Killed in Collisions,2023,All car drivers,Number,53
Users of Cars Killed in Collisions,2023,Front seat passengers: seat belt in use,Number,9
Users of Cars Killed in Collisions,2023,Front seat passengers: seat belt not in use,Number,4
Users of Cars Killed in Collisions,2023,Front seat passengers: seat belt usage unknown,Number,19
Users of Cars Killed in Collisions,2023,Front seat passengers: seat belt usage not stated,Number,0
Users of Cars Killed in Collisions,2023,All front seat passengers,Number,32
Users of Cars Injured in Collisions,2005,Car drivers: seat belt in use,Number,1730
Users of Cars Injured in Collisions,2005,Car drivers: seat belt not in use,Number,184
Users of Cars Injured in Collisions,2005,Car drivers: seat belt usage unknown,Number,1377
Users of Cars Injured in Collisions,2005,Car drivers: seat belt usage not stated,Number,962
Users of Cars Injured in Collisions,2005,All car drivers,Number,4253
Users of Cars Injured in Collisions,2005,Front seat passengers: seat belt in use,Number,461
Users of Cars Injured in Collisions,2005,Front seat passengers: seat belt not in use,Number,44
Users of Cars Injured in Collisions,2005,Front seat passengers: seat belt usage unknown,Number,346
Users of Cars Injured in Collisions,2005,Front seat passengers: seat belt usage not stated,Number,330
Users of Cars Injured in Collisions,2005,All front seat passengers,Number,1181
Users of Cars Injured in Collisions,2006,Car drivers: seat belt in use,Number,1658
Users of Cars Injured in Collisions,2006,Car drivers: seat belt not in use,Number,144
Users of Cars Injured in Collisions,2006,Car drivers: seat belt usage unknown,Number,1241
Users of Cars Injured in Collisions,2006,Car drivers: seat belt usage not stated,Number,716
Users of Cars Injured in Collisions,2006,All car drivers,Number,3759
Users of Cars Injured in Collisions,2006,Front seat passengers: seat belt in use,Number,504
Users of Cars Injured in Collisions,2006,Front seat passengers: seat belt not in use,Number,45
Users of Cars Injured in Collisions,2006,Front seat passengers: seat belt usage unknown,Number,359
Users of Cars Injured in Collisions,2006,Front seat passengers: seat belt usage not stated,Number,268
Users of Cars Injured in Collisions,2006,All front seat passengers,Number,1176
Users of Cars Injured in Collisions,2007,Car drivers: seat belt in use,Number,1520
Users of Cars Injured in Collisions,2007,Car drivers: seat belt not in use,Number,70
Users of Cars Injured in Collisions,2007,Car drivers: seat belt usage unknown,Number,917
Users of Cars Injured in Collisions,2007,Car drivers: seat belt usage not stated,Number,888
Users of Cars Injured in Collisions,2007,All car drivers,Number,3395
Users of Cars Injured in Collisions,2007,Front seat passengers: seat belt in use,Number,554
Users of Cars Injured in Collisions,2007,Front seat passengers: seat belt not in use,Number,33
Users of Cars Injured in Collisions,2007,Front seat passengers: seat belt usage unknown,Number,328
Users of Cars Injured in Collisions,2007,Front seat passengers: seat belt usage not stated,Number,263
Users of Cars Injured in Collisions,2007,All front seat passengers,Number,1178
Users of Cars Injured in Collisions,2008,Car drivers: seat belt in use,Number,2097
Users of Cars Injured in Collisions,2008,Car drivers: seat belt not in use,Number,103
Users of Cars Injured in Collisions,2008,Car drivers: seat belt usage unknown,Number,1354
Users of Cars Injured in Collisions,2008,Car drivers: seat belt usage not stated,Number,663
Users of Cars Injured in Collisions,2008,All car drivers,Number,4217
Users of Cars Injured in Collisions,2008,Front seat passengers: seat belt in use,Number,791
Users of Cars Injured in Collisions,2008,Front seat passengers: seat belt not in use,Number,47
Users of Cars Injured in Collisions,2008,Front seat passengers: seat belt usage unknown,Number,476
Users of Cars Injured in Collisions,2008,Front seat passengers: seat belt usage not stated,Number,146
Users of Cars Injured in Collisions,2008,All front seat passengers,Number,1460
Users of Cars Injured in Collisions,2009,Car drivers: seat belt in use,Number,2404
Users of Cars Injured in Collisions,2009,Car drivers: seat belt not in use,Number,103
Users of Cars Injured in Collisions,2009,Car drivers: seat belt usage unknown,Number,1393
Users of Cars Injured in Collisions,2009,Car drivers: seat belt usage not stated,Number,292
Users of Cars Injured in Collisions,2009,All car drivers,Number,4192
Users of Cars Injured in Collisions,2009,Front seat passengers: seat belt in use,Number,898
Users of Cars Injured in Collisions,2009,Front seat passengers: seat belt not in use,Number,58
Users of Cars Injured in Collisions,2009,Front seat passengers: seat belt usage unknown,Number,489
Users of Cars Injured in Collisions,2009,Front seat passengers: seat belt usage not stated,Number,79
Users of Cars Injured in Collisions,2009,All front seat passengers,Number,1524
Users of Cars Injured in Collisions,2010,Car drivers: seat belt in use,Number,1890
Users of Cars Injured in Collisions,2010,Car drivers: seat belt not in use,Number,103
Users of Cars Injured in Collisions,2010,Car drivers: seat belt usage unknown,Number,1225
Users of Cars Injured in Collisions,2010,Car drivers: seat belt usage not stated,Number,288
Users of Cars Injured in Collisions,2010,All car drivers,Number,3506
Users of Cars Injured in Collisions,2010,Front seat passengers: seat belt in use,Number,761
Users of Cars Injured in Collisions,2010,Front seat passengers: seat belt not in use,Number,39
Users of Cars Injured in Collisions,2010,Front seat passengers: seat belt usage unknown,Number,398
Users of Cars Injured in Collisions,2010,Front seat passengers: seat belt usage not stated,Number,53
Users of Cars Injured in Collisions,2010,All front seat passengers,Number,1251
Users of Cars Injured in Collisions,2011,Car drivers: seat belt in use,Number,1638
Users of Cars Injured in Collisions,2011,Car drivers: seat belt not in use,Number,84
Users of Cars Injured in Collisions,2011,Car drivers: seat belt usage unknown,Number,972
Users of Cars Injured in Collisions,2011,Car drivers: seat belt usage not stated,Number,291
Users of Cars Injured in Collisions,2011,All car drivers,Number,2985
Users of Cars Injured in Collisions,2011,Front seat passengers: seat belt in use,Number,611
Users of Cars Injured in Collisions,2011,Front seat passengers: seat belt not in use,Number,42
Users of Cars Injured in Collisions,2011,Front seat passengers: seat belt usage unknown,Number,309
Users of Cars Injured in Collisions,2011,Front seat passengers: seat belt usage not stated,Number,58
Users of Cars Injured in Collisions,2011,All front seat passengers,Number,1020
Users of Cars Injured in Collisions,2012,Car drivers: seat belt in use,Number,1699
Users of Cars Injured in Collisions,2012,Car drivers: seat belt not in use,Number,88
Users of Cars Injured in Collisions,2012,Car drivers: seat belt usage unknown,Number,1193
Users of Cars Injured in Collisions,2012,Car drivers: seat belt usage not stated,Number,280
Users of Cars Injured in Collisions,2012,All car drivers,Number,3260
Users of Cars Injured in Collisions,2012,Front seat passengers: seat belt in use,Number,653
Users of Cars Injured in Collisions,2012,Front seat passengers: seat belt not in use,Number,30
Users of Cars Injured in Collisions,2012,Front seat passengers: seat belt usage unknown,Number,401
Users of Cars Injured in Collisions,2012,Front seat passengers: seat belt usage not stated,Number,52
Users of Cars Injured in Collisions,2012,All front seat passengers,Number,1136
Users of Cars Injured in Collisions,2013,Car drivers: seat belt in use,Number,1461
Users of Cars Injured in Collisions,2013,Car drivers: seat belt not in use,Number,58
Users of Cars Injured in Collisions,2013,Car drivers: seat belt usage unknown,Number,1043
Users of Cars Injured in Collisions,2013,Car drivers: seat belt usage not stated,Number,191
Users of Cars Injured in Collisions,2013,All car drivers,Number,2753
Users of Cars Injured in Collisions,2013,Front seat passengers: seat belt in use,Number,518
Users of Cars Injured in Collisions,2013,Front seat passengers: seat belt not in use,Number,33
Users of Cars Injured in Collisions,2013,Front seat passengers: seat belt usage unknown,Number,327
Users of Cars Injured in Collisions,2013,Front seat passengers: seat belt usage not stated,Number,40
Users of Cars Injured in Collisions,2013,All front seat passengers,Number,918
Users of Cars Injured in Collisions,2014,Car drivers: seat belt in use,Number,1759
Users of Cars Injured in Collisions,2014,Car drivers: seat belt not in use,Number,88
Users of Cars Injured in Collisions,2014,Car drivers: seat belt usage unknown,Number,1260
Users of Cars Injured in Collisions,2014,Car drivers: seat belt usage not stated,Number,10
Users of Cars Injured in Collisions,2014,All car drivers,Number,3117
Users of Cars Injured in Collisions,2014,Front seat passengers: seat belt in use,Number,596
Users of Cars Injured in Collisions,2014,Front seat passengers: seat belt not in use,Number,40
Users of Cars Injured in Collisions,2014,Front seat passengers: seat belt usage unknown,Number,427
Users of Cars Injured in Collisions,2014,Front seat passengers: seat belt usage not stated,Number,4
Users of Cars Injured in Collisions,2014,All front seat passengers,Number,1067
Users of Cars Injured in Collisions,2015,Car drivers: seat belt in use,Number,1811
Users of Cars Injured in Collisions,2015,Car drivers: seat belt not in use,Number,88
Users of Cars Injured in Collisions,2015,Car drivers: seat belt usage unknown,Number,1132
Users of Cars Injured in Collisions,2015,Car drivers: seat belt usage not stated,Number,10
Users of Cars Injured in Collisions,2015,All car drivers,Number,3041
Users of Cars Injured in Collisions,2015,Front seat passengers: seat belt in use,Number,602
Users of Cars Injured in Collisions,2015,Front seat passengers: seat belt not in use,Number,37
Users of Cars Injured in Collisions,2015,Front seat passengers: seat belt usage unknown,Number,351
Users of Cars Injured in Collisions,2015,Front seat passengers: seat belt usage not stated,Number,4
Users of Cars Injured in Collisions,2015,All front seat passengers,Number,994
Users of Cars Injured in Collisions,2016,Car drivers: seat belt in use,Number,2282
Users of Cars Injured in Collisions,2016,Car drivers: seat belt not in use,Number,105
Users of Cars Injured in Collisions,2016,Car drivers: seat belt usage unknown,Number,643
Users of Cars Injured in Collisions,2016,Car drivers: seat belt usage not stated,Number,0
Users of Cars Injured in Collisions,2016,All car drivers,Number,3030
Users of Cars Injured in Collisions,2016,Front seat passengers: seat belt in use,Number,678
Users of Cars Injured in Collisions,2016,Front seat passengers: seat belt not in use,Number,33
Users of Cars Injured in Collisions,2016,Front seat passengers: seat belt usage unknown,Number,205
Users of Cars Injured in Collisions,2016,Front seat passengers: seat belt usage not stated,Number,0
Users of Cars Injured in Collisions,2016,All front seat passengers,Number,916
Users of Cars Injured in Collisions,2017,Car drivers: seat belt in use,Number,2273
Users of Cars Injured in Collisions,2017,Car drivers: seat belt not in use,Number,95
Users of Cars Injured in Collisions,2017,Car drivers: seat belt usage unknown,Number,738
Users of Cars Injured in Collisions,2017,Car drivers: seat belt usage not stated,Number,0
Users of Cars Injured in Collisions,2017,All car drivers,Number,3106
Users of Cars Injured in Collisions,2017,Front seat passengers: seat belt in use,Number,654
Users of Cars Injured in Collisions,2017,Front seat passengers: seat belt not in use,Number,42
Users of Cars Injured in Collisions,2017,Front seat passengers: seat belt usage unknown,Number,207
Users of Cars Injured in Collisions,2017,Front seat passengers: seat belt usage not stated,Number,0
Users of Cars Injured in Collisions,2017,All front seat passengers,Number,903
Users of Cars Injured in Collisions,2018,Car drivers: seat belt in use,Number,2309
Users of Cars Injured in Collisions,2018,Car drivers: seat belt not in use,Number,97
Users of Cars Injured in Collisions,2018,Car drivers: seat belt usage unknown,Number,727
Users of Cars Injured in Collisions,2018,Car drivers: seat belt usage not stated,Number,2
Users of Cars Injured in Collisions,2018,All car drivers,Number,3135
Users of Cars Injured in Collisions,2018,Front seat passengers: seat belt in use,Number,1150
Users of Cars Injured in Collisions,2018,Front seat passengers: seat belt not in use,Number,65
Users of Cars Injured in Collisions,2018,Front seat passengers: seat belt usage unknown,Number,334
Users of Cars Injured in Collisions,2018,Front seat passengers: seat belt usage not stated,Number,8
Users of Cars Injured in Collisions,2018,All front seat passengers,Number,1557
Users of Cars Injured in Collisions,2019,Car drivers: seat belt in use,Number,2252
Users of Cars Injured in Collisions,2019,Car drivers: seat belt not in use,Number,67
Users of Cars Injured in Collisions,2019,Car drivers: seat belt usage unknown,Number,517
Users of Cars Injured in Collisions,2019,Car drivers: seat belt usage not stated,Number,0
Users of Cars Injured in Collisions,2019,All car drivers,Number,2836
Users of Cars Injured in Collisions,2019,Front seat passengers: seat belt in use,Number,1153
Users of Cars Injured in Collisions,2019,Front seat passengers: seat belt not in use,Number,54
Users of Cars Injured in Collisions,2019,Front seat passengers: seat belt usage unknown,Number,244
Users of Cars Injured in Collisions,2019,Front seat passengers: seat belt usage not stated,Number,0
Users of Cars Injured in Collisions,2019,All front seat passengers,Number,1451
Users of Cars Injured in Collisions,2020,Car drivers: seat belt in use,Number,1579
Users of Cars Injured in Collisions,2020,Car drivers: seat belt not in use,Number,59
Users of Cars Injured in Collisions,2020,Car drivers: seat belt usage unknown,Number,417
Users of Cars Injured in Collisions,2020,Car drivers: seat belt usage not stated,Number,0
Users of Cars Injured in Collisions,2020,All car drivers,Number,2055
Users of Cars Injured in Collisions,2020,Front seat passengers: seat belt in use,Number,770
Users of Cars Injured in Collisions,2020,Front seat passengers: seat belt not in use,Number,56
Users of Cars Injured in Collisions,2020,Front seat passengers: seat belt usage unknown,Number,202
Users of Cars Injured in Collisions,2020,Front seat passengers: seat belt usage not stated,Number,0
Users of Cars Injured in Collisions,2020,All front seat passengers,Number,1028
Users of Cars Injured in Collisions,2021,Car drivers: seat belt in use,Number,1889
Users of Cars Injured in Collisions,2021,Car drivers: seat belt not in use,Number,71
Users of Cars Injured in Collisions,2021,Car drivers: seat belt usage unknown,Number,482
Users of Cars Injured in Collisions,2021,Car drivers: seat belt usage not stated,Number,0
Users of Cars Injured in Collisions,2021,All car drivers,Number,2442
Users of Cars Injured in Collisions,2021,Front seat passengers: seat belt in use,Number,781
Users of Cars Injured in Collisions,2021,Front seat passengers: seat belt not in use,Number,51
Users of Cars Injured in Collisions,2021,Front seat passengers: seat belt usage unknown,Number,235
Users of Cars Injured in Collisions,2021,Front seat passengers: seat belt usage not stated,Number,2
Users of Cars Injured in Collisions,2021,All front seat passengers,Number,1069
Users of Cars Injured in Collisions,2022,Car drivers: seat belt in use,Number,2161
Users of Cars Injured in Collisions,2022,Car drivers: seat belt not in use,Number,56
Users of Cars Injured in Collisions,2022,Car drivers: seat belt usage unknown,Number,589
Users of Cars Injured in Collisions,2022,Car drivers: seat belt usage not stated,Number,0
Users of Cars Injured in Collisions,2022,All car drivers,Number,2806
Users of Cars Injured in Collisions,2022,Front seat passengers: seat belt in use,Number,1054
Users of Cars Injured in Collisions,2022,Front seat passengers: seat belt not in use,Number,49
Users of Cars Injured in Collisions,2022,Front seat passengers: seat belt usage unknown,Number,242
Users of Cars Injured in Collisions,2022,Front seat passengers: seat belt usage not stated,Number,0
Users of Cars Injured in Collisions,2022,All front seat passengers,Number,1345
Users of Cars Injured in Collisions,2023,Car drivers: seat belt in use,Number,1896
Users of Cars Injured in Collisions,2023,Car drivers: seat belt not in use,Number,68
Users of Cars Injured in Collisions,2023,Car drivers: seat belt usage unknown,Number,630
Users of Cars Injured in Collisions,2023,Car drivers: seat belt usage not stated,Number,0
Users of Cars Injured in Collisions,2023,All car drivers,Number,2594
Users of Cars Injured in Collisions,2023,Front seat passengers: seat belt in use,Number,892
Users of Cars Injured in Collisions,2023,Front seat passengers: seat belt not in use,Number,65
Users of Cars Injured in Collisions,2023,Front seat passengers: seat belt usage unknown,Number,243
Users of Cars Injured in Collisions,2023,Front seat passengers: seat belt usage not stated,Number,0
Users of Cars Injured in Collisions,2023,All front seat passengers,Number,1200
Users of Cars Uninjured in Collisions,2005,Car drivers: seat belt in use,Number,1293
Users of Cars Uninjured in Collisions,2005,Car drivers: seat belt not in use,Number,81
Users of Cars Uninjured in Collisions,2005,Car drivers: seat belt usage unknown,Number,1252
Users of Cars Uninjured in Collisions,2005,Car drivers: seat belt usage not stated,Number,572
Users of Cars Uninjured in Collisions,2005,All car drivers,Number,3198
Users of Cars Uninjured in Collisions,2005,Front seat passengers: seat belt in use,Number,
Users of Cars Uninjured in Collisions,2005,Front seat passengers: seat belt not in use,Number,
Users of Cars Uninjured in Collisions,2005,Front seat passengers: seat belt usage unknown,Number,
Users of Cars Uninjured in Collisions,2005,Front seat passengers: seat belt usage not stated,Number,
Users of Cars Uninjured in Collisions,2005,All front seat passengers,Number,
Users of Cars Uninjured in Collisions,2006,Car drivers: seat belt in use,Number,1157
Users of Cars Uninjured in Collisions,2006,Car drivers: seat belt not in use,Number,60
Users of Cars Uninjured in Collisions,2006,Car drivers: seat belt usage unknown,Number,1005
Users of Cars Uninjured in Collisions,2006,Car drivers: seat belt usage not stated,Number,636
Users of Cars Uninjured in Collisions,2006,All car drivers,Number,2858
Users of Cars Uninjured in Collisions,2006,Front seat passengers: seat belt in use,Number,
Users of Cars Uninjured in Collisions,2006,Front seat passengers: seat belt not in use,Number,
Users of Cars Uninjured in Collisions,2006,Front seat passengers: seat belt usage unknown,Number,
Users of Cars Uninjured in Collisions,2006,Front seat passengers: seat belt usage not stated,Number,
Users of Cars Uninjured in Collisions,2006,All front seat passengers,Number,
Users of Cars Uninjured in Collisions,2007,Car drivers: seat belt in use,Number,1055
Users of Cars Uninjured in Collisions,2007,Car drivers: seat belt not in use,Number,32
Users of Cars Uninjured in Collisions,2007,Car drivers: seat belt usage unknown,Number,778
Users of Cars Uninjured in Collisions,2007,Car drivers: seat belt usage not stated,Number,1007
Users of Cars Uninjured in Collisions,2007,All car drivers,Number,2872
Users of Cars Uninjured in Collisions,2007,Front seat passengers: seat belt in use,Number,
Users of Cars Uninjured in Collisions,2007,Front seat passengers: seat belt not in use,Number,
Users of Cars Uninjured in Collisions,2007,Front seat passengers: seat belt usage unknown,Number,
Users of Cars Uninjured in Collisions,2007,Front seat passengers: seat belt usage not stated,Number,
Users of Cars Uninjured in Collisions,2007,All front seat passengers,Number,
Users of Cars Uninjured in Collisions,2008,Car drivers: seat belt in use,Number,1599
Users of Cars Uninjured in Collisions,2008,Car drivers: seat belt not in use,Number,30
Users of Cars Uninjured in Collisions,2008,Car drivers: seat belt usage unknown,Number,1195
Users of Cars Uninjured in Collisions,2008,Car drivers: seat belt usage not stated,Number,668
Users of Cars Uninjured in Collisions,2008,All car drivers,Number,3492
Users of Cars Uninjured in Collisions,2008,Front seat passengers: seat belt in use,Number,
Users of Cars Uninjured in Collisions,2008,Front seat passengers: seat belt not in use,Number,
Users of Cars Uninjured in Collisions,2008,Front seat passengers: seat belt usage unknown,Number,
Users of Cars Uninjured in Collisions,2008,Front seat passengers: seat belt usage not stated,Number,
Users of Cars Uninjured in Collisions,2008,All front seat passengers,Number,
Users of Cars Uninjured in Collisions,2009,Car drivers: seat belt in use,Number,1947
Users of Cars Uninjured in Collisions,2009,Car drivers: seat belt not in use,Number,39
Users of Cars Uninjured in Collisions,2009,Car drivers: seat belt usage unknown,Number,1236
Users of Cars Uninjured in Collisions,2009,Car drivers: seat belt usage not stated,Number,316
Users of Cars Uninjured in Collisions,2009,All car drivers,Number,3538
Users of Cars Uninjured in Collisions,2009,Front seat passengers: seat belt in use,Number,
Users of Cars Uninjured in Collisions,2009,Front seat passengers: seat belt not in use,Number,
Users of Cars Uninjured in Collisions,2009,Front seat passengers: seat belt usage unknown,Number,
Users of Cars Uninjured in Collisions,2009,Front seat passengers: seat belt usage not stated,Number,
Users of Cars Uninjured in Collisions,2009,All front seat passengers,Number,
Users of Cars Uninjured in Collisions,2010,Car drivers: seat belt in use,Number,1639
Users of Cars Uninjured in Collisions,2010,Car drivers: seat belt not in use,Number,26
Users of Cars Uninjured in Collisions,2010,Car drivers: seat belt usage unknown,Number,1245
Users of Cars Uninjured in Collisions,2010,Car drivers: seat belt usage not stated,Number,250
Users of Cars Uninjured in Collisions,2010,All car drivers,Number,3160
Users of Cars Uninjured in Collisions,2010,Front seat passengers: seat belt in use,Number,
Users of Cars Uninjured in Collisions,2010,Front seat passengers: seat belt not in use,Number,
Users of Cars Uninjured in Collisions,2010,Front seat passengers: seat belt usage unknown,Number,
Users of Cars Uninjured in Collisions,2010,Front seat passengers: seat belt usage not stated,Number,
Users of Cars Uninjured in Collisions,2010,All front seat passengers,Number,
Users of Cars Uninjured in Collisions,2011,Car drivers: seat belt in use,Number,1495
Users of Cars Uninjured in Collisions,2011,Car drivers: seat belt not in use,Number,26
Users of Cars Uninjured in Collisions,2011,Car drivers: seat belt usage unknown,Number,1141
Users of Cars Uninjured in Collisions,2011,Car drivers: seat belt usage not stated,Number,251
Users of Cars Uninjured in Collisions,2011,All car drivers,Number,2913
Users of Cars Uninjured in Collisions,2011,Front seat passengers: seat belt in use,Number,
Users of Cars Uninjured in Collisions,2011,Front seat passengers: seat belt not in use,Number,
Users of Cars Uninjured in Collisions,2011,Front seat passengers: seat belt usage unknown,Number,
Users of Cars Uninjured in Collisions,2011,Front seat passengers: seat belt usage not stated,Number,
Users of Cars Uninjured in Collisions,2011,All front seat passengers,Number,
Users of Cars Uninjured in Collisions,2012,Car drivers: seat belt in use,Number,1568
Users of Cars Uninjured in Collisions,2012,Car drivers: seat belt not in use,Number,29
Users of Cars Uninjured in Collisions,2012,Car drivers: seat belt usage unknown,Number,1323
Users of Cars Uninjured in Collisions,2012,Car drivers: seat belt usage not stated,Number,251
Users of Cars Uninjured in Collisions,2012,All car drivers,Number,3171
Users of Cars Uninjured in Collisions,2012,Front seat passengers: seat belt in use,Number,
Users of Cars Uninjured in Collisions,2012,Front seat passengers: seat belt not in use,Number,
Users of Cars Uninjured in Collisions,2012,Front seat passengers: seat belt usage unknown,Number,
Users of Cars Uninjured in Collisions,2012,Front seat passengers: seat belt usage not stated,Number,
Users of Cars Uninjured in Collisions,2012,All front seat passengers,Number,
Users of Cars Uninjured in Collisions,2013,Car drivers: seat belt in use,Number,1240
Users of Cars Uninjured in Collisions,2013,Car drivers: seat belt not in use,Number,25
Users of Cars Uninjured in Collisions,2013,Car drivers: seat belt usage unknown,Number,1201
Users of Cars Uninjured in Collisions,2013,Car drivers: seat belt usage not stated,Number,258
Users of Cars Uninjured in Collisions,2013,All car drivers,Number,2724
Users of Cars Uninjured in Collisions,2013,Front seat passengers: seat belt in use,Number,
Users of Cars Uninjured in Collisions,2013,Front seat passengers: seat belt not in use,Number,
Users of Cars Uninjured in Collisions,2013,Front seat passengers: seat belt usage unknown,Number,
Users of Cars Uninjured in Collisions,2013,Front seat passengers: seat belt usage not stated,Number,
Users of Cars Uninjured in Collisions,2013,All front seat passengers,Number,
Users of Cars Uninjured in Collisions,2014,Car drivers: seat belt in use,Number,1523
Users of Cars Uninjured in Collisions,2014,Car drivers: seat belt not in use,Number,35
Users of Cars Uninjured in Collisions,2014,Car drivers: seat belt usage unknown,Number,1683
Users of Cars Uninjured in Collisions,2014,Car drivers: seat belt usage not stated,Number,4
Users of Cars Uninjured in Collisions,2014,All car drivers,Number,3245
Users of Cars Uninjured in Collisions,2014,Front seat passengers: seat belt in use,Number,
Users of Cars Uninjured in Collisions,2014,Front seat passengers: seat belt not in use,Number,
Users of Cars Uninjured in Collisions,2014,Front seat passengers: seat belt usage unknown,Number,
Users of Cars Uninjured in Collisions,2014,Front seat passengers: seat belt usage not stated,Number,
Users of Cars Uninjured in Collisions,2014,All front seat passengers,Number,
Users of Cars Uninjured in Collisions,2015,Car drivers: seat belt in use,Number,1597
Users of Cars Uninjured in Collisions,2015,Car drivers: seat belt not in use,Number,38
Users of Cars Uninjured in Collisions,2015,Car drivers: seat belt usage unknown,Number,1612
Users of Cars Uninjured in Collisions,2015,Car drivers: seat belt usage not stated,Number,3
Users of Cars Uninjured in Collisions,2015,All car drivers,Number,3250
Users of Cars Uninjured in Collisions,2015,Front seat passengers: seat belt in use,Number,
Users of Cars Uninjured in Collisions,2015,Front seat passengers: seat belt not in use,Number,
Users of Cars Uninjured in Collisions,2015,Front seat passengers: seat belt usage unknown,Number,
Users of Cars Uninjured in Collisions,2015,Front seat passengers: seat belt usage not stated,Number,
Users of Cars Uninjured in Collisions,2015,All front seat passengers,Number,
Users of Cars Uninjured in Collisions,2016,Car drivers: seat belt in use,Number,2005
Users of Cars Uninjured in Collisions,2016,Car drivers: seat belt not in use,Number,60
Users of Cars Uninjured in Collisions,2016,Car drivers: seat belt usage unknown,Number,1318
Users of Cars Uninjured in Collisions,2016,Car drivers: seat belt usage not stated,Number,0
Users of Cars Uninjured in Collisions,2016,All car drivers,Number,3383
Users of Cars Uninjured in Collisions,2016,Front seat passengers: seat belt in use,Number,
Users of Cars Uninjured in Collisions,2016,Front seat passengers: seat belt not in use,Number,
Users of Cars Uninjured in Collisions,2016,Front seat passengers: seat belt usage unknown,Number,
Users of Cars Uninjured in Collisions,2016,Front seat passengers: seat belt usage not stated,Number,
Users of Cars Uninjured in Collisions,2016,All front seat passengers,Number,
Users of Cars Uninjured in Collisions,2017,Car drivers: seat belt in use,Number,2430
Users of Cars Uninjured in Collisions,2017,Car drivers: seat belt not in use,Number,35
Users of Cars Uninjured in Collisions,2017,Car drivers: seat belt usage unknown,Number,1278
Users of Cars Uninjured in Collisions,2017,Car drivers: seat belt usage not stated,Number,1
Users of Cars Uninjured in Collisions,2017,All car drivers,Number,3744
Users of Cars Uninjured in Collisions,2017,Front seat passengers: seat belt in use,Number,
Users of Cars Uninjured in Collisions,2017,Front seat passengers: seat belt not in use,Number,
Users of Cars Uninjured in Collisions,2017,Front seat passengers: seat belt usage unknown,Number,
Users of Cars Uninjured in Collisions,2017,Front seat passengers: seat belt usage not stated,Number,
Users of Cars Uninjured in Collisions,2017,All front seat passengers,Number,
Users of Cars Uninjured in Collisions,2018,Car drivers: seat belt in use,Number,2437
Users of Cars Uninjured in Collisions,2018,Car drivers: seat belt not in use,Number,58
Users of Cars Uninjured in Collisions,2018,Car drivers: seat belt usage unknown,Number,1253
Users of Cars Uninjured in Collisions,2018,Car drivers: seat belt usage not stated,Number,13
Users of Cars Uninjured in Collisions,2018,All car drivers,Number,3761
Users of Cars Uninjured in Collisions,2018,Front seat passengers: seat belt in use,Number,
Users of Cars Uninjured in Collisions,2018,Front seat passengers: seat belt not in use,Number,
Users of Cars Uninjured in Collisions,2018,Front seat passengers: seat belt usage unknown,Number,
Users of Cars Uninjured in Collisions,2018,Front seat passengers: seat belt usage not stated,Number,
Users of Cars Uninjured in Collisions,2018,All front seat passengers,Number,
Users of Cars Uninjured in Collisions,2019,Car drivers: seat belt in use,Number,2671
Users of Cars Uninjured in Collisions,2019,Car drivers: seat belt not in use,Number,45
Users of Cars Uninjured in Collisions,2019,Car drivers: seat belt usage unknown,Number,877
Users of Cars Uninjured in Collisions,2019,Car drivers: seat belt usage not stated,Number,3
Users of Cars Uninjured in Collisions,2019,All car drivers,Number,3596
Users of Cars Uninjured in Collisions,2019,Front seat passengers: seat belt in use,Number,
Users of Cars Uninjured in Collisions,2019,Front seat passengers: seat belt not in use,Number,
Users of Cars Uninjured in Collisions,2019,Front seat passengers: seat belt usage unknown,Number,
Users of Cars Uninjured in Collisions,2019,Front seat passengers: seat belt usage not stated,Number,
Users of Cars Uninjured in Collisions,2019,All front seat passengers,Number,
Users of Cars Uninjured in Collisions,2020,Car drivers: seat belt in use,Number,1894
Users of Cars Uninjured in Collisions,2020,Car drivers: seat belt not in use,Number,49
Users of Cars Uninjured in Collisions,2020,Car drivers: seat belt usage unknown,Number,613
Users of Cars Uninjured in Collisions,2020,Car drivers: seat belt usage not stated,Number,11
Users of Cars Uninjured in Collisions,2020,All car drivers,Number,2567
Users of Cars Uninjured in Collisions,2020,Front seat passengers: seat belt in use,Number,
Users of Cars Uninjured in Collisions,2020,Front seat passengers: seat belt not in use,Number,
Users of Cars Uninjured in Collisions,2020,Front seat passengers: seat belt usage unknown,Number,
Users of Cars Uninjured in Collisions,2020,Front seat passengers: seat belt usage not stated,Number,
Users of Cars Uninjured in Collisions,2020,All front seat passengers,Number,
Users of Cars Uninjured in Collisions,2021,Car drivers: seat belt in use,Number,2112
Users of Cars Uninjured in Collisions,2021,Car drivers: seat belt not in use,Number,47
Users of Cars Uninjured in Collisions,2021,Car drivers: seat belt usage unknown,Number,683
Users of Cars Uninjured in Collisions,2021,Car drivers: seat belt usage not stated,Number,15
Users of Cars Uninjured in Collisions,2021,All car drivers,Number,2857
Users of Cars Uninjured in Collisions,2021,Front seat passengers: seat belt in use,Number,
Users of Cars Uninjured in Collisions,2021,Front seat passengers: seat belt not in use,Number,
Users of Cars Uninjured in Collisions,2021,Front seat passengers: seat belt usage unknown,Number,
Users of Cars Uninjured in Collisions,2021,Front seat passengers: seat belt usage not stated,Number,
Users of Cars Uninjured in Collisions,2021,All front seat passengers,Number,
Users of Cars Uninjured in Collisions,2022,Car drivers: seat belt in use,Number,2489
Users of Cars Uninjured in Collisions,2022,Car drivers: seat belt not in use,Number,50
Users of Cars Uninjured in Collisions,2022,Car drivers: seat belt usage unknown,Number,858
Users of Cars Uninjured in Collisions,2022,Car drivers: seat belt usage not stated,Number,0
Users of Cars Uninjured in Collisions,2022,All car drivers,Number,3397
Users of Cars Uninjured in Collisions,2022,Front seat passengers: seat belt in use,Number,
Users of Cars Uninjured in Collisions,2022,Front seat passengers: seat belt not in use,Number,
Users of Cars Uninjured in Collisions,2022,Front seat passengers: seat belt usage unknown,Number,
Users of Cars Uninjured in Collisions,2022,Front seat passengers: seat belt usage not stated,Number,
Users of Cars Uninjured in Collisions,2022,All front seat passengers,Number,
Users of Cars Uninjured in Collisions,2023,Car drivers: seat belt in use,Number,2261
Users of Cars Uninjured in Collisions,2023,Car drivers: seat belt not in use,Number,53
Users of Cars Uninjured in Collisions,2023,Car drivers: seat belt usage unknown,Number,946
Users of Cars Uninjured in Collisions,2023,Car drivers: seat belt usage not stated,Number,0
Users of Cars Uninjured in Collisions,2023,All car drivers,Number,3260
Users of Cars Uninjured in Collisions,2023,Front seat passengers: seat belt in use,Number,
Users of Cars Uninjured in Collisions,2023,Front seat passengers: seat belt not in use,Number,
Users of Cars Uninjured in Collisions,2023,Front seat passengers: seat belt usage unknown,Number,
Users of Cars Uninjured in Collisions,2023,Front seat passengers: seat belt usage not stated,Number,
Users of Cars Uninjured in Collisions,2023,All front seat passengers,Number,
All Users of Cars Involved in Fatal and Injury Collisions,2005,Car drivers: seat belt in use,Number,3078
All Users of Cars Involved in Fatal and Injury Collisions,2005,Car drivers: seat belt not in use,Number,303
All Users of Cars Involved in Fatal and Injury Collisions,2005,Car drivers: seat belt usage unknown,Number,2666
All Users of Cars Involved in Fatal and Injury Collisions,2005,Car drivers: seat belt usage not stated,Number,1548
All Users of Cars Involved in Fatal and Injury Collisions,2005,All car drivers,Number,7595
All Users of Cars Involved in Fatal and Injury Collisions,2005,Front seat passengers: seat belt in use,Number,476
All Users of Cars Involved in Fatal and Injury Collisions,2005,Front seat passengers: seat belt not in use,Number,49
All Users of Cars Involved in Fatal and Injury Collisions,2005,Front seat passengers: seat belt usage unknown,Number,359
All Users of Cars Involved in Fatal and Injury Collisions,2005,Front seat passengers: seat belt usage not stated,Number,347
All Users of Cars Involved in Fatal and Injury Collisions,2005,All front seat passengers,Number,1231
All Users of Cars Involved in Fatal and Injury Collisions,2006,Car drivers: seat belt in use,Number,2864
All Users of Cars Involved in Fatal and Injury Collisions,2006,Car drivers: seat belt not in use,Number,241
All Users of Cars Involved in Fatal and Injury Collisions,2006,Car drivers: seat belt usage unknown,Number,2290
All Users of Cars Involved in Fatal and Injury Collisions,2006,Car drivers: seat belt usage not stated,Number,1369
All Users of Cars Involved in Fatal and Injury Collisions,2006,All car drivers,Number,6764
All Users of Cars Involved in Fatal and Injury Collisions,2006,Front seat passengers: seat belt in use,Number,520
All Users of Cars Involved in Fatal and Injury Collisions,2006,Front seat passengers: seat belt not in use,Number,49
All Users of Cars Involved in Fatal and Injury Collisions,2006,Front seat passengers: seat belt usage unknown,Number,380
All Users of Cars Involved in Fatal and Injury Collisions,2006,Front seat passengers: seat belt usage not stated,Number,273
All Users of Cars Involved in Fatal and Injury Collisions,2006,All front seat passengers,Number,1222
All Users of Cars Involved in Fatal and Injury Collisions,2007,Car drivers: seat belt in use,Number,2617
All Users of Cars Involved in Fatal and Injury Collisions,2007,Car drivers: seat belt not in use,Number,116
All Users of Cars Involved in Fatal and Injury Collisions,2007,Car drivers: seat belt usage unknown,Number,1727
All Users of Cars Involved in Fatal and Injury Collisions,2007,Car drivers: seat belt usage not stated,Number,1917
All Users of Cars Involved in Fatal and Injury Collisions,2007,All car drivers,Number,6377
All Users of Cars Involved in Fatal and Injury Collisions,2007,Front seat passengers: seat belt in use,Number,571
All Users of Cars Involved in Fatal and Injury Collisions,2007,Front seat passengers: seat belt not in use,Number,39
All Users of Cars Involved in Fatal and Injury Collisions,2007,Front seat passengers: seat belt usage unknown,Number,339
All Users of Cars Involved in Fatal and Injury Collisions,2007,Front seat passengers: seat belt usage not stated,Number,266
All Users of Cars Involved in Fatal and Injury Collisions,2007,All front seat passengers,Number,1215
All Users of Cars Involved in Fatal and Injury Collisions,2008,Car drivers: seat belt in use,Number,3740
All Users of Cars Involved in Fatal and Injury Collisions,2008,Car drivers: seat belt not in use,Number,145
All Users of Cars Involved in Fatal and Injury Collisions,2008,Car drivers: seat belt usage unknown,Number,2592
All Users of Cars Involved in Fatal and Injury Collisions,2008,Car drivers: seat belt usage not stated,Number,1341
All Users of Cars Involved in Fatal and Injury Collisions,2008,All car drivers,Number,7818
All Users of Cars Involved in Fatal and Injury Collisions,2008,Front seat passengers: seat belt in use,Number,808
All Users of Cars Involved in Fatal and Injury Collisions,2008,Front seat passengers: seat belt not in use,Number,50
All Users of Cars Involved in Fatal and Injury Collisions,2008,Front seat passengers: seat belt usage unknown,Number,489
All Users of Cars Involved in Fatal and Injury Collisions,2008,Front seat passengers: seat belt usage not stated,Number,146
All Users of Cars Involved in Fatal and Injury Collisions,2008,All front seat passengers,Number,1493
All Users of Cars Involved in Fatal and Injury Collisions,2009,Car drivers: seat belt in use,Number,4392
All Users of Cars Involved in Fatal and Injury Collisions,2009,Car drivers: seat belt not in use,Number,163
All Users of Cars Involved in Fatal and Injury Collisions,2009,Car drivers: seat belt usage unknown,Number,2673
All Users of Cars Involved in Fatal and Injury Collisions,2009,Car drivers: seat belt usage not stated,Number,609
All Users of Cars Involved in Fatal and Injury Collisions,2009,All car drivers,Number,7837
All Users of Cars Involved in Fatal and Injury Collisions,2009,Front seat passengers: seat belt in use,Number,906
All Users of Cars Involved in Fatal and Injury Collisions,2009,Front seat passengers: seat belt not in use,Number,60
All Users of Cars Involved in Fatal and Injury Collisions,2009,Front seat passengers: seat belt usage unknown,Number,500
All Users of Cars Involved in Fatal and Injury Collisions,2009,Front seat passengers: seat belt usage not stated,Number,79
All Users of Cars Involved in Fatal and Injury Collisions,2009,All front seat passengers,Number,1545
All Users of Cars Involved in Fatal and Injury Collisions,2010,Car drivers: seat belt in use,Number,3568
All Users of Cars Involved in Fatal and Injury Collisions,2010,Car drivers: seat belt not in use,Number,142
All Users of Cars Involved in Fatal and Injury Collisions,2010,Car drivers: seat belt usage unknown,Number,2496
All Users of Cars Involved in Fatal and Injury Collisions,2010,Car drivers: seat belt usage not stated,Number,540
All Users of Cars Involved in Fatal and Injury Collisions,2010,All car drivers,Number,6746
All Users of Cars Involved in Fatal and Injury Collisions,2010,Front seat passengers: seat belt in use,Number,770
All Users of Cars Involved in Fatal and Injury Collisions,2010,Front seat passengers: seat belt not in use,Number,48
All Users of Cars Involved in Fatal and Injury Collisions,2010,Front seat passengers: seat belt usage unknown,Number,401
All Users of Cars Involved in Fatal and Injury Collisions,2010,Front seat passengers: seat belt usage not stated,Number,54
All Users of Cars Involved in Fatal and Injury Collisions,2010,All front seat passengers,Number,1273
All Users of Cars Involved in Fatal and Injury Collisions,2011,Car drivers: seat belt in use,Number,3168
All Users of Cars Involved in Fatal and Injury Collisions,2011,Car drivers: seat belt not in use,Number,122
All Users of Cars Involved in Fatal and Injury Collisions,2011,Car drivers: seat belt usage unknown,Number,2127
All Users of Cars Involved in Fatal and Injury Collisions,2011,Car drivers: seat belt usage not stated,Number,546
All Users of Cars Involved in Fatal and Injury Collisions,2011,All car drivers,Number,5963
All Users of Cars Involved in Fatal and Injury Collisions,2011,Front seat passengers: seat belt in use,Number,622
All Users of Cars Involved in Fatal and Injury Collisions,2011,Front seat passengers: seat belt not in use,Number,43
All Users of Cars Involved in Fatal and Injury Collisions,2011,Front seat passengers: seat belt usage unknown,Number,315
All Users of Cars Involved in Fatal and Injury Collisions,2011,Front seat passengers: seat belt usage not stated,Number,59
All Users of Cars Involved in Fatal and Injury Collisions,2011,All front seat passengers,Number,1039
All Users of Cars Involved in Fatal and Injury Collisions,2012,Car drivers: seat belt in use,Number,3289
All Users of Cars Involved in Fatal and Injury Collisions,2012,Car drivers: seat belt not in use,Number,131
All Users of Cars Involved in Fatal and Injury Collisions,2012,Car drivers: seat belt usage unknown,Number,2540
All Users of Cars Involved in Fatal and Injury Collisions,2012,Car drivers: seat belt usage not stated,Number,535
All Users of Cars Involved in Fatal and Injury Collisions,2012,All car drivers,Number,6495
All Users of Cars Involved in Fatal and Injury Collisions,2012,Front seat passengers: seat belt in use,Number,657
All Users of Cars Involved in Fatal and Injury Collisions,2012,Front seat passengers: seat belt not in use,Number,30
All Users of Cars Involved in Fatal and Injury Collisions,2012,Front seat passengers: seat belt usage unknown,Number,410
All Users of Cars Involved in Fatal and Injury Collisions,2012,Front seat passengers: seat belt usage not stated,Number,54
All Users of Cars Involved in Fatal and Injury Collisions,2012,All front seat passengers,Number,1151
All Users of Cars Involved in Fatal and Injury Collisions,2013,Car drivers: seat belt in use,Number,2728
All Users of Cars Involved in Fatal and Injury Collisions,2013,Car drivers: seat belt not in use,Number,96
All Users of Cars Involved in Fatal and Injury Collisions,2013,Car drivers: seat belt usage unknown,Number,2279
All Users of Cars Involved in Fatal and Injury Collisions,2013,Car drivers: seat belt usage not stated,Number,453
All Users of Cars Involved in Fatal and Injury Collisions,2013,All car drivers,Number,5556
All Users of Cars Involved in Fatal and Injury Collisions,2013,Front seat passengers: seat belt in use,Number,523
All Users of Cars Involved in Fatal and Injury Collisions,2013,Front seat passengers: seat belt not in use,Number,35
All Users of Cars Involved in Fatal and Injury Collisions,2013,Front seat passengers: seat belt usage unknown,Number,338
All Users of Cars Involved in Fatal and Injury Collisions,2013,Front seat passengers: seat belt usage not stated,Number,40
All Users of Cars Involved in Fatal and Injury Collisions,2013,All front seat passengers,Number,936
All Users of Cars Involved in Fatal and Injury Collisions,2014,Car drivers: seat belt in use,Number,3316
All Users of Cars Involved in Fatal and Injury Collisions,2014,Car drivers: seat belt not in use,Number,141
All Users of Cars Involved in Fatal and Injury Collisions,2014,Car drivers: seat belt usage unknown,Number,2958
All Users of Cars Involved in Fatal and Injury Collisions,2014,Car drivers: seat belt usage not stated,Number,14
All Users of Cars Involved in Fatal and Injury Collisions,2014,All car drivers,Number,6429
All Users of Cars Involved in Fatal and Injury Collisions,2014,Front seat passengers: seat belt in use,Number,605
All Users of Cars Involved in Fatal and Injury Collisions,2014,Front seat passengers: seat belt not in use,Number,50
All Users of Cars Involved in Fatal and Injury Collisions,2014,Front seat passengers: seat belt usage unknown,Number,432
All Users of Cars Involved in Fatal and Injury Collisions,2014,Front seat passengers: seat belt usage not stated,Number,4
All Users of Cars Involved in Fatal and Injury Collisions,2014,All front seat passengers,Number,1091
All Users of Cars Involved in Fatal and Injury Collisions,2015,Car drivers: seat belt in use,Number,3441
All Users of Cars Involved in Fatal and Injury Collisions,2015,Car drivers: seat belt not in use,Number,144
All Users of Cars Involved in Fatal and Injury Collisions,2015,Car drivers: seat belt usage unknown,Number,2756
All Users of Cars Involved in Fatal and Injury Collisions,2015,Car drivers: seat belt usage not stated,Number,13
All Users of Cars Involved in Fatal and Injury Collisions,2015,All car drivers,Number,6354
All Users of Cars Involved in Fatal and Injury Collisions,2015,Front seat passengers: seat belt in use,Number,608
All Users of Cars Involved in Fatal and Injury Collisions,2015,Front seat passengers: seat belt not in use,Number,42
All Users of Cars Involved in Fatal and Injury Collisions,2015,Front seat passengers: seat belt usage unknown,Number,355
All Users of Cars Involved in Fatal and Injury Collisions,2015,Front seat passengers: seat belt usage not stated,Number,4
All Users of Cars Involved in Fatal and Injury Collisions,2015,All front seat passengers,Number,1009
All Users of Cars Involved in Fatal and Injury Collisions,2016,Car drivers: seat belt in use,Number,4329
All Users of Cars Involved in Fatal and Injury Collisions,2016,Car drivers: seat belt not in use,Number,183
All Users of Cars Involved in Fatal and Injury Collisions,2016,Car drivers: seat belt usage unknown,Number,1976
All Users of Cars Involved in Fatal and Injury Collisions,2016,Car drivers: seat belt usage not stated,Number,0
All Users of Cars Involved in Fatal and Injury Collisions,2016,All car drivers,Number,6488
All Users of Cars Involved in Fatal and Injury Collisions,2016,Front seat passengers: seat belt in use,Number,688
All Users of Cars Involved in Fatal and Injury Collisions,2016,Front seat passengers: seat belt not in use,Number,41
All Users of Cars Involved in Fatal and Injury Collisions,2016,Front seat passengers: seat belt usage unknown,Number,211
All Users of Cars Involved in Fatal and Injury Collisions,2016,Front seat passengers: seat belt usage not stated,Number,0
All Users of Cars Involved in Fatal and Injury Collisions,2016,All front seat passengers,Number,940
All Users of Cars Involved in Fatal and Injury Collisions,2017,Car drivers: seat belt in use,Number,4731
All Users of Cars Involved in Fatal and Injury Collisions,2017,Car drivers: seat belt not in use,Number,145
All Users of Cars Involved in Fatal and Injury Collisions,2017,Car drivers: seat belt usage unknown,Number,2027
All Users of Cars Involved in Fatal and Injury Collisions,2017,Car drivers: seat belt usage not stated,Number,1
All Users of Cars Involved in Fatal and Injury Collisions,2017,All car drivers,Number,6904
All Users of Cars Involved in Fatal and Injury Collisions,2017,Front seat passengers: seat belt in use,Number,662
All Users of Cars Involved in Fatal and Injury Collisions,2017,Front seat passengers: seat belt not in use,Number,42
All Users of Cars Involved in Fatal and Injury Collisions,2017,Front seat passengers: seat belt usage unknown,Number,210
All Users of Cars Involved in Fatal and Injury Collisions,2017,Front seat passengers: seat belt usage not stated,Number,0
All Users of Cars Involved in Fatal and Injury Collisions,2017,All front seat passengers,Number,914
All Users of Cars Involved in Fatal and Injury Collisions,2018,Car drivers: seat belt in use,Number,4768
All Users of Cars Involved in Fatal and Injury Collisions,2018,Car drivers: seat belt not in use,Number,173
All Users of Cars Involved in Fatal and Injury Collisions,2018,Car drivers: seat belt usage unknown,Number,1985
All Users of Cars Involved in Fatal and Injury Collisions,2018,Car drivers: seat belt usage not stated,Number,15
All Users of Cars Involved in Fatal and Injury Collisions,2018,All car drivers,Number,6941
All Users of Cars Involved in Fatal and Injury Collisions,2018,Front seat passengers: seat belt in use,Number,1156
All Users of Cars Involved in Fatal and Injury Collisions,2018,Front seat passengers: seat belt not in use,Number,69
All Users of Cars Involved in Fatal and Injury Collisions,2018,Front seat passengers: seat belt usage unknown,Number,340
All Users of Cars Involved in Fatal and Injury Collisions,2018,Front seat passengers: seat belt usage not stated,Number,8
All Users of Cars Involved in Fatal and Injury Collisions,2018,All front seat passengers,Number,1573
All Users of Cars Involved in Fatal and Injury Collisions,2019,Car drivers: seat belt in use,Number,4964
All Users of Cars Involved in Fatal and Injury Collisions,2019,Car drivers: seat belt not in use,Number,133
All Users of Cars Involved in Fatal and Injury Collisions,2019,Car drivers: seat belt usage unknown,Number,1398
All Users of Cars Involved in Fatal and Injury Collisions,2019,Car drivers: seat belt usage not stated,Number,3
All Users of Cars Involved in Fatal and Injury Collisions,2019,All car drivers,Number,6498
All Users of Cars Involved in Fatal and Injury Collisions,2019,Front seat passengers: seat belt in use,Number,1162
All Users of Cars Involved in Fatal and Injury Collisions,2019,Front seat passengers: seat belt not in use,Number,56
All Users of Cars Involved in Fatal and Injury Collisions,2019,Front seat passengers: seat belt usage unknown,Number,248
All Users of Cars Involved in Fatal and Injury Collisions,2019,Front seat passengers: seat belt usage not stated,Number,0
All Users of Cars Involved in Fatal and Injury Collisions,2019,All front seat passengers,Number,1466
All Users of Cars Involved in Fatal and Injury Collisions,2020,Car drivers: seat belt in use,Number,3503
All Users of Cars Involved in Fatal and Injury Collisions,2020,Car drivers: seat belt not in use,Number,118
All Users of Cars Involved in Fatal and Injury Collisions,2020,Car drivers: seat belt usage unknown,Number,1036
All Users of Cars Involved in Fatal and Injury Collisions,2020,Car drivers: seat belt usage not stated,Number,11
All Users of Cars Involved in Fatal and Injury Collisions,2020,All car drivers,Number,4668
All Users of Cars Involved in Fatal and Injury Collisions,2020,Front seat passengers: seat belt in use,Number,782
All Users of Cars Involved in Fatal and Injury Collisions,2020,Front seat passengers: seat belt not in use,Number,62
All Users of Cars Involved in Fatal and Injury Collisions,2020,Front seat passengers: seat belt usage unknown,Number,206
All Users of Cars Involved in Fatal and Injury Collisions,2020,Front seat passengers: seat belt usage not stated,Number,0
All Users of Cars Involved in Fatal and Injury Collisions,2020,All front seat passengers,Number,1050
All Users of Cars Involved in Fatal and Injury Collisions,2021,Car drivers: seat belt in use,Number,4037
All Users of Cars Involved in Fatal and Injury Collisions,2021,Car drivers: seat belt not in use,Number,133
All Users of Cars Involved in Fatal and Injury Collisions,2021,Car drivers: seat belt usage unknown,Number,1178
All Users of Cars Involved in Fatal and Injury Collisions,2021,Car drivers: seat belt usage not stated,Number,15
All Users of Cars Involved in Fatal and Injury Collisions,2021,All car drivers,Number,5363
All Users of Cars Involved in Fatal and Injury Collisions,2021,Front seat passengers: seat belt in use,Number,785
All Users of Cars Involved in Fatal and Injury Collisions,2021,Front seat passengers: seat belt not in use,Number,57
All Users of Cars Involved in Fatal and Injury Collisions,2021,Front seat passengers: seat belt usage unknown,Number,242
All Users of Cars Involved in Fatal and Injury Collisions,2021,Front seat passengers: seat belt usage not stated,Number,2
All Users of Cars Involved in Fatal and Injury Collisions,2021,All front seat passengers,Number,1086
All Users of Cars Involved in Fatal and Injury Collisions,2022,Car drivers: seat belt in use,Number,4679
All Users of Cars Involved in Fatal and Injury Collisions,2022,Car drivers: seat belt not in use,Number,116
All Users of Cars Involved in Fatal and Injury Collisions,2022,Car drivers: seat belt usage unknown,Number,1457
All Users of Cars Involved in Fatal and Injury Collisions,2022,Car drivers: seat belt usage not stated,Number,0
All Users of Cars Involved in Fatal and Injury Collisions,2022,All car drivers,Number,6252
All Users of Cars Involved in Fatal and Injury Collisions,2022,Front seat passengers: seat belt in use,Number,1067
All Users of Cars Involved in Fatal and Injury Collisions,2022,Front seat passengers: seat belt not in use,Number,51
All Users of Cars Involved in Fatal and Injury Collisions,2022,Front seat passengers: seat belt usage unknown,Number,249
All Users of Cars Involved in Fatal and Injury Collisions,2022,Front seat passengers: seat belt usage not stated,Number,0
All Users of Cars Involved in Fatal and Injury Collisions,2022,All front seat passengers,Number,1367
All Users of Cars Involved in Fatal and Injury Collisions,2023,Car drivers: seat belt in use,Number,4182
All Users of Cars Involved in Fatal and Injury Collisions,2023,Car drivers: seat belt not in use,Number,127
All Users of Cars Involved in Fatal and Injury Collisions,2023,Car drivers: seat belt usage unknown,Number,1598
All Users of Cars Involved in Fatal and Injury Collisions,2023,Car drivers: seat belt usage not stated,Number,0
All Users of Cars Involved in Fatal and Injury Collisions,2023,All car drivers,Number,5907
All Users of Cars Involved in Fatal and Injury Collisions,2023,Front seat passengers: seat belt in use,Number,901
All Users of Cars Involved in Fatal and Injury Collisions,2023,Front seat passengers: seat belt not in use,Number,69
All Users of Cars Involved in Fatal and Injury Collisions,2023,Front seat passengers: seat belt usage unknown,Number,262
All Users of Cars Involved in Fatal and Injury Collisions,2023,Front seat passengers: seat belt usage not stated,Number,0
All Users of Cars Involved in Fatal and Injury Collisions,2023,All front seat passengers,Number,1232
